Start of Interval (UTC-08:00),End of Interval (UTC-08:00),Average (W/m^2)
2013-08-01 00:00:00,2013-09-01 00:00:00,NaN
2013-09-01 00:00:00,2013-10-01 00:00:00,82.98509861111111
2013-10-01 00:00:00,2013-11-01 00:00:00,46.321037634408604
2013-11-01 00:00:00,2013-12-01 00:00:00,11.1625
2013-12-01 00:00:00,2014-01-01 00:00:00,3.2836021505376345
2014-01-01 00:00:00,2014-02-01 00:00:00,9.420698924731182
2014-02-01 00:00:00,2014-03-01 00:00:00,25.4375
2014-03-01 00:00:00,2014-04-01 00:00:00,124.5595497311828
2014-04-01 00:00:00,2014-05-01 00:00:00,205.20277777777778
2014-05-01 00:00:00,2014-06-01 00:00:00,208.93413978494624
2014-06-01 00:00:00,2014-07-01 00:00:00,186.5861111111111
2014-07-01 00:00:00,2014-08-01 00:00:00,149.8252688172043
2014-08-01 00:00:00,2014-09-01 00:00:00,120.1774193548387
2014-09-01 00:00:00,2014-10-01 00:00:00,89.87638888888888
2014-10-01 00:00:00,2014-11-01 00:00:00,37.403225806451616
2014-11-01 00:00:00,2014-12-01 00:00:00,10.878530555555555
2014-12-01 00:00:00,2015-01-01 00:00:00,1.9595241935483871
2015-01-01 00:00:00,2015-02-01 00:00:00,8.176854838709678
2015-02-01 00:00:00,2015-03-01 00:00:00,50.161400297619046
2015-03-01 00:00:00,2015-04-01 00:00:00,106.25186155913978
2015-04-01 00:00:00,2015-05-01 00:00:00,186.39894853963838
2015-05-01 00:00:00,2015-06-01 00:00:00,NaN
2015-06-01 00:00:00,2015-07-01 00:00:00,NaN
2015-07-01 00:00:00,2015-08-01 00:00:00,NaN
2015-08-01 00:00:00,2015-09-01 00:00:00,NaN
2015-09-01 00:00:00,2015-10-01 00:00:00,75.31165
2015-10-01 00:00:00,2015-11-01 00:00:00,34.02417607526882
2015-11-01 00:00:00,2015-12-01 00:00:00,9.743205555555555
2015-12-01 00:00:00,2016-01-01 00:00:00,2.0246586021505375
2016-01-01 00:00:00,2016-02-01 00:00:00,6.787767473118279
2016-02-01 00:00:00,2016-03-01 00:00:00,32.13632183908046
2016-03-01 00:00:00,2016-04-01 00:00:00,86.58286559139785
2016-04-01 00:00:00,2016-05-01 00:00:00,180.33936805555555
2016-05-01 00:00:00,2016-06-01 00:00:00,203.17286559139785
2016-06-01 00:00:00,2016-07-01 00:00:00,189.7786763888889
2016-07-01 00:00:00,2016-08-01 00:00:00,141.22104704301074
2016-08-01 00:00:00,2016-09-01 00:00:00,148.60114650537633
2016-09-01 00:00:00,2016-10-01 00:00:00,93.45806805555556
2016-10-01 00:00:00,2016-11-01 00:00:00,46.290842741935485
2016-11-01 00:00:00,2016-12-01 00:00:00,9.437234722222222
2016-12-01 00:00:00,2017-01-01 00:00:00,2.4550389784946236
2017-01-01 00:00:00,2017-02-01 00:00:00,7.088103494623656
2017-02-01 00:00:00,2017-03-01 00:00:00,32.737331845238096
2017-03-01 00:00:00,2017-04-01 00:00:00,106.74096908602151
2017-04-01 00:00:00,2017-05-01 00:00:00,197.17766805555556
2017-05-01 00:00:00,2017-06-01 00:00:00,207.80984139784945
2017-06-01 00:00:00,2017-07-01 00:00:00,229.81335833333333
2017-07-01 00:00:00,2017-08-01 00:00:00,182.65147311827957
2017-08-01 00:00:00,2017-09-01 00:00:00,125.9368665703754
2017-09-01 00:00:00,2017-10-01 00:00:00,73.05246805555555
2017-10-01 00:00:00,2017-11-01 00:00:00,34.388091397849465
2017-11-01 00:00:00,2017-12-01 00:00:00,11.66938611111111
2017-12-01 00:00:00,2018-01-01 00:00:00,2.670329301075269
2018-01-01 00:00:00,2018-02-01 00:00:00,5.204236559139785
2018-02-01 00:00:00,2018-03-01 00:00:00,28.099074404761904
2018-03-01 00:00:00,2018-04-01 00:00:00,91.49443413978494
2018-04-01 00:00:00,2018-05-01 00:00:00,176.1476625
2018-05-01 00:00:00,2018-06-01 00:00:00,193.63458333333332
2018-06-01 00:00:00,2018-07-01 00:00:00,189.44605694444445
2018-07-01 00:00:00,2018-08-01 00:00:00,205.8819610215054
2018-08-01 00:00:00,2018-09-01 00:00:00,102.05784139784946
2018-09-01 00:00:00,2018-10-01 00:00:00,78.13533472222223
2018-10-01 00:00:00,2018-11-01 00:00:00,41.12154032258064
2018-11-01 00:00:00,2018-12-01 00:00:00,8.228365277777778
2018-12-01 00:00:00,2019-01-01 00:00:00,1.8866559139784946
2019-01-01 00:00:00,2019-02-01 00:00:00,5.329350806451613
2019-02-01 00:00:00,2019-03-01 00:00:00,30.26501636904762
2019-03-01 00:00:00,2019-04-01 00:00:00,76.08325940860215
2019-04-01 00:00:00,2019-05-01 00:00:00,149.70078194444446
2019-05-01 00:00:00,2019-06-01 00:00:00,194.32153897849463
2019-06-01 00:00:00,2019-07-01 00:00:00,204.85439444444444
2019-07-01 00:00:00,2019-08-01 00:00:00,169.17501075268817
2019-08-01 00:00:00,2019-09-01 00:00:00,115.27117338709678
2019-09-01 00:00:00,2019-10-01 00:00:00,85.50242361111111
2019-10-01 00:00:00,2019-11-01 00:00:00,32.740020161290325
2019-11-01 00:00:00,2019-12-01 00:00:00,5.886275
2019-12-01 00:00:00,2020-01-01 00:00:00,2.136068548387097
2020-01-01 00:00:00,2020-02-01 00:00:00,4.2607970430107525
2020-02-01 00:00:00,2020-03-01 00:00:00,29.02196408045977
2020-03-01 00:00:00,2020-04-01 00:00:00,75.33095295698925
2020-04-01 00:00:00,2020-05-01 00:00:00,161.657275
2020-05-01 00:00:00,2020-06-01 00:00:00,213.0091505376344
2020-06-01 00:00:00,2020-07-01 00:00:00,194.2591263888889
2020-07-01 00:00:00,2020-08-01 00:00:00,161.0984221551563
2020-08-01 00:00:00,2020-09-01 00:00:00,139.37197177419355
2020-09-01 00:00:00,2020-10-01 00:00:00,74.56744027777778
2020-10-01 00:00:00,2020-11-01 00:00:00,35.726838709677416
2020-11-01 00:00:00,2020-12-01 00:00:00,11.668945833333334
2020-12-01 00:00:00,2021-01-01 00:00:00,2.3531236559139783
2021-01-01 00:00:00,2021-02-01 00:00:00,6.151284946236559
2021-02-01 00:00:00,2021-03-01 00:00:00,20.873910714285714
2021-03-01 00:00:00,2021-04-01 00:00:00,81.27654032258064
2021-04-01 00:00:00,2021-05-01 00:00:00,175.00210555555554
2021-05-01 00:00:00,2021-06-01 00:00:00,200.05419220430107
2021-06-01 00:00:00,2021-07-01 00:00:00,214.5883227761054
2021-07-01 00:00:00,2021-08-01 00:00:00,209.06289650537636
2021-08-01 00:00:00,2021-09-01 00:00:00,120.48160215053764
2021-09-01 00:00:00,2021-10-01 00:00:00,105.96500972222222
2021-10-01 00:00:00,2021-11-01 00:00:00,40.0788938172043
2021-11-01 00:00:00,2021-12-01 00:00:00,6.7675125
2021-12-01 00:00:00,2022-01-01 00:00:00,1.787548387096774
2022-01-01 00:00:00,2022-02-01 00:00:00,8.478115591397849
2022-02-01 00:00:00,2022-03-01 00:00:00,20.612113095238094
2022-03-01 00:00:00,2022-04-01 00:00:00,105.42623252688172
2022-04-01 00:00:00,2022-05-01 00:00:00,205.72589444444444
2022-05-01 00:00:00,2022-06-01 00:00:00,226.7312123655914
2022-06-01 00:00:00,2022-07-01 00:00:00,242.6943263888889
2022-07-01 00:00:00,2022-08-01 00:00:00,187.00211962365591
2022-08-01 00:00:00,2022-09-01 00:00:00,149.02472983870967
2022-09-01 00:00:00,2022-10-01 00:00:00,84.44905
2022-10-01 00:00:00,2022-11-01 00:00:00,41.7625752688172
2022-11-01 00:00:00,2022-12-01 00:00:00,11.407365277777778
2022-12-01 00:00:00,2023-01-01 00:00:00,2.950606182795699
2023-01-01 00:00:00,2023-02-01 00:00:00,4.931741935483871
2023-02-01 00:00:00,2023-03-01 00:00:00,23.102848214285714
2023-03-01 00:00:00,2023-04-01 00:00:00,93.98806989247312
2023-04-01 00:00:00,2023-05-01 00:00:00,177.34268472222223
2023-05-01 00:00:00,2023-06-01 00:00:00,224.47938844086022
2023-06-01 00:00:00,2023-07-01 00:00:00,212.68301958701647
2023-07-01 00:00:00,2023-08-01 00:00:00,206.92552150537634
2023-08-01 00:00:00,2023-09-01 00:00:00,123.09607392473119
2023-09-01 00:00:00,2023-10-01 00:00:00,92.83886805555555
2023-10-01 00:00:00,2023-11-01 00:00:00,45.55659139784946
2023-11-01 00:00:00,2023-12-01 00:00:00,12.990422222222222
2023-12-01 00:00:00,2024-01-01 00:00:00,3.770659946236559
2024-01-01 00:00:00,2024-02-01 00:00:00,7.8826317204301075
2024-02-01 00:00:00,2024-03-01 00:00:00,37.67331178160919
2024-03-01 00:00:00,2024-04-01 00:00:00,93.27349327956989
2024-04-01 00:00:00,2024-05-01 00:00:00,183.00750833333333
2024-05-01 00:00:00,2024-06-01 00:00:00,199.55754032258065
2024-06-01 00:00:00,2024-07-01 00:00:00,237.3336263888889
2024-07-01 00:00:00,2024-08-01 00:00:00,191.0161966875856
2024-08-01 00:00:00,2024-09-01 00:00:00,121.64985752688172
2024-09-01 00:00:00,2024-10-01 00:00:00,86.94964722222223
2024-10-01 00:00:00,2024-11-01 00:00:00,42.60050268817204
2024-11-01 00:00:00,2024-12-01 00:00:00,7.164715277777778
2024-12-01 00:00:00,2025-01-01 00:00:00,1.7992056451612903
2025-01-01 00:00:00,2025-02-01 00:00:00,7.562282258064516
2025-02-01 00:00:00,2025-03-01 00:00:00,39.64170386904762
2025-03-01 00:00:00,2025-04-01 00:00:00,108.93517069892474
2025-04-01 00:00:00,2025-05-01 00:00:00,163.13959305555557
2025-05-01 00:00:00,2025-06-01 00:00:00,185.03035618279569
2025-06-01 00:00:00,2025-07-01 00:00:00,223.37934722222224
2025-07-01 00:00:00,2025-08-01 00:00:00,179.15733198924733
2025-08-01 00:00:00,2025-09-01 00:00:00,142.78597715053763
2025-09-01 00:00:00,2025-10-01 00:00:00,75.96045138888888
2025-10-01 00:00:00,2025-11-01 00:00:00,29.46309811827957
2025-11-01 00:00:00,2025-12-01 00:00:00,6.401466666666667
2025-12-01 00:00:00,2026-01-01 00:00:00,2.8719327956989247
2026-01-01 00:00:00,2026-02-01 00:00:00,6.850259408602151
2026-02-01 00:00:00,2026-03-01 00:00:00,35.09282738095238
2026-03-01 00:00:00,2026-04-01 00:00:00,115.79833333333333
2026-04-01 00:00:00,2026-05-01 00:00:00,172.72067361111112
2026-05-01 00:00:00,2026-06-01 00:00:00,191.84866532258064
2026-06-01 00:00:00,2026-07-01 00:00:00,NaN
